category,family,speciesreef,Labridae,Aawareef,Labridae,Aawareef,Labridae,Aawareef,Labridae,Aawareef,Labridae,Aawareef,Labridae,Aawareef,Labridae,Aawareef,Labridae,Aawareef,Labridae,Aawareef,Labridae,Aawareef,Labridae,Aawareef,Labridae,Aawareef,Labridae,Aawareef,Labridae,Aawareef,Labridae,Aawareef,Labridae,Aawareef,Labridae,Aawareef,Labridae,Aawareef,Labridae,Aawareef,Labridae,Aawareef,Labridae,Aawareef,Labridae,Aawareef,Labridae,Aawareef,Labridae,Aawareef,Labridae,Aawacoastal_pelagics,Belonidae,Ahaahacoastal_pelagics,Belonidae,Ahaahacoastal_pelagics,Belonidae,Ahaahacoastal_pelagics,Belonidae,Ahaahacoastal_pelagics,Belonidae,Ahaahacoastal_pelagics,Belonidae,Ahaahacoastal_pelagics,Belonidae,Ahaahacoastal_pelagics,Belonidae,Ahaahacoastal_pelagics,Belonidae,Ahaahacoastal_pelagics,Belonidae,Ahaahacoastal_pelagics,Belonidae,Ahaahacoastal_pelagics,Belonidae,Ahaahareef,Kuhliidae,Aholeholereef,Kuhliidae,Aholeholereef,Kuhliidae,Aholeholereef,Kuhliidae,Aholeholereef,Kuhliidae,Aholeholereef,Kuhliidae,Aholeholereef,Kuhliidae,Aholeholereef,Kuhliidae,Aholeholereef,Kuhliidae,Aholeholereef,Kuhliidae,Aholeholereef,Kuhliidae,Aholeholereef,Kuhliidae,Aholeholereef,Kuhliidae,Aholeholereef,Kuhliidae,Aholeholereef,Kuhliidae,Aholeholereef,Kuhliidae,Aholeholereef,Kuhliidae,Aholeholereef,Kuhliidae,Aholeholereef,Kuhliidae,Aholeholetunas,Scombridae,Akutunas,Scombridae,Akutunas,Scombridae,Akutunas,Scombridae,Akutunas,Scombridae,Akutunas,Scombridae,Akutunas,Scombridae,Akutunas,Scombridae,Akutunas,Scombridae,Akutunas,Scombridae,Akutunas,Scombridae,Akutunas,Scombridae,Akutunas,Scombridae,Akutunas,Scombridae,Akutunas,Scombridae,Akutunas,Scombridae,Akutunas,Scombridae,Akutunas,Scombridae,Akutunas,Scombridae,Akutunas,Scombridae,Akucoastal_pelagics,Scombridae,Akulecoastal_pelagics,Scombridae,Akulecoastal_pelagics,Scombridae,Akulecoastal_pelagics,Scombridae,Akulecoastal_pelagics,Scombridae,Akulecoastal_pelagics,Scombridae,Akulecoastal_pelagics,Scombridae,Akulecoastal_pelagics,Scombridae,Akulecoastal_pelagics,Scombridae,Akulecoastal_pelagics,Scombridae,Akulecoastal_pelagics,Scombridae,Akulecoastal_pelagics,Scombridae,Akulecoastal_pelagics,Scombridae,Akulecoastal_pelagics,Scombridae,Akulecoastal_pelagics,Scombridae,Akulecoastal_pelagics,Scombridae,Akulecoastal_pelagics,Scombridae,Akulecoastal_pelagics,Scombridae,Akulecoastal_pelagics,Scombridae,Akulecoastal_pelagics,Scombridae,Akulecoastal_pelagics,Carangidae,Akulecoastal_pelagics,Carangidae,Akulecoastal_pelagics,Carangidae,Akulecoastal_pelagics,Carangidae,Akulecoastal_pelagics,Carangidae,Akulecoastal_pelagics,Carangidae,Akulecoastal_pelagics,Carangidae,Akulecoastal_pelagics,Carangidae,Akulecoastal_pelagics,Carangidae,Akulecoastal_pelagics,Carangidae,Akulecoastal_pelagics,Carangidae,Akulecoastal_pelagics,Carangidae,Akulecoastal_pelagics,Carangidae,Akulecoastal_pelagics,Carangidae,Akulecoastal_pelagics,Carangidae,Akulecoastal_pelagics,Carangidae,Akulecoastal_pelagics,Carangidae,Akulecoastal_pelagics,Carangidae,Akulecoastal_pelagics,Carangidae,Akulecoastal_pelagics,Carangidae,Akulecoastal_pelagics,Carangidae,Akulecoastal_pelagics,Carangidae,Akulereef,Holocentridae,Alaihereef,Holocentridae,Alaihereef,Holocentridae,Alaihereef,Holocentridae,Alaihereef,Holocentridae,Alaihereef,Holocentridae,Alaihereef,Holocentridae,Alaihereef,Holocentridae,Alaihereef,Holocentridae,Alaihereef,Holocentridae,Alaihereef,Holocentridae,Alaihereef,Holocentridae,Alaihereef,Holocentridae,Alaihe mamareef,Holocentridae,Alaihe mamareef,Holocentridae,Alaihe mamareef,Holocentridae,Alaihe mamareef,Holocentridae,Alaihe mamareef,Holocentridae,Alaihe mamareef,Mugilidae,Amaamareef,Mugilidae,Amaamareef,Mugilidae,Amaamareef,Mugilidae,Amaamareef,Mugilidae,Amaamareef,Mugilidae,Amaamareef,Mugilidae,Amaamareef,Acanthuridae,Apireef,Acanthuridae,Apireef,Acanthuridae,Apireef,Acanthuridae,Apireef,Acanthuridae,Apireef,Acanthuridae,Apicoastal_pelagics,Chanidae,Awacoastal_pelagics,Chanidae,Awacoastal_pelagics,Chanidae,Awacoastal_pelagics,Chanidae,Awacoastal_pelagics,Chanidae,Awacoastal_pelagics,Chanidae,Awacoastal_pelagics,Elopidae,Awaawacoastal_pelagics,Elopidae,Awaawacoastal_pelagics,Elopidae,Awaawacoastal_pelagics,Elopidae,Awaawacoastal_pelagics,Elopidae,Awaawareef,Priacanthidae,Aweoweoreef,Priacanthidae,Aweoweoreef,Priacanthidae,Aweoweoreef,Priacanthidae,Aweoweoreef,Priacanthidae,Aweoweoreef,Priacanthidae,Aweoweoreef,Priacanthidae,Aweoweoreef,Priacanthidae,Aweoweoreef,Priacanthidae,Aweoweoreef,Priacanthidae,Aweoweoreef,Priacanthidae,Aweoweoreef,Priacanthidae,Aweoweoreef,Priacanthidae,Aweoweoreef,Priacanthidae,Aweoweoreef,Priacanthidae,Aweoweoreef,Priacanthidae,Aweoweoreef,Priacanthidae,Aweoweoreef,Priacanthidae,Aweoweoreef,Priacanthidae,Aweoweoreef,Priacanthidae,Aweoweoreef,Priacanthidae,Aweoweoreef,Priacanthidae,Aweoweoreef,Priacanthidae,Aweoweoreef,Priacanthidae,Aweoweoreef,Priacanthidae,Aweoweoreef,Priacanthidae,Aweoweo (deepsea)reef,Priacanthidae,Aweoweo (deepsea)reef,Priacanthidae,Aweoweo (deepsea)reef,Priacanthidae,Aweoweo (deepsea)reef,Priacanthidae,Aweoweo (deepsea)reef,Priacanthidae,Aweoweo (deepsea)reef,Priacanthidae,Aweoweo (deepsea)reef,Priacanthidae,Aweoweo (deepsea)reef,Priacanthidae,Aweoweo (deepsea)reef,Priacanthidae,Aweoweo (deepsea)reef,Priacanthidae,Aweoweo (deepsea)reef,Priacanthidae,Aweoweo (deepsea)reef,Priacanthidae,Aweoweo (deepsea)reef,Priacanthidae,Aweoweo (deepsea)reef,Priacanthidae,Aweoweo (deepsea)reef,Priacanthidae,Aweoweo (deepsea)reef,Priacanthidae,Aweoweo (deepsea)reef,Priacanthidae,Aweoweo (deepsea)reef,Priacanthidae,Aweoweo (deepsea)reef,Priacanthidae,Aweoweo (deepsea)coastal_pelagics,Carangidae,Barred jackcoastal_pelagics,Carangidae,Barred jacktunas,Scombridae,Bigeye tunatunas,Scombridae,Bigeye tunatunas,Scombridae,Bigeye tunatunas,Scombridae,Bigeye tunatunas,Scombridae,Bigeye tunatunas,Scombridae,Bigeye tunatunas,Scombridae,Bigeye tunatunas,Scombridae,Bigeye tunatunas,Scombridae,Bigeye tunatunas,Scombridae,Bigeye tunatunas,Scombridae,Bigeye tunatunas,Scombridae,Bigeye tunatunas,Scombridae,Bigeye tunatunas,Scombridae,Bigeye tunatunas,Scombridae,Bigeye tunatunas,Scombridae,Bigeye tunatunas,Scombridae,Bigeye tunatunas,Scombridae,Bigeye tunatunas,Scombridae,Bigeye tunatunas,Scombridae,Bigeye tunareef,Acanthuridae,Black kolereef,Acanthuridae,Black kolereef,Acanthuridae,Black kolepel_other,Istiophoridae,Black marlinpel_other,Istiophoridae,Black marlinpel_other,Istiophoridae,Black marlinpel_other,Istiophoridae,Black marlinpel_other,Istiophoridae,Black marlinpel_other,Istiophoridae,Black marlinpel_other,Istiophoridae,Black marlinpel_other,Istiophoridae,Black marlinpel_other,Istiophoridae,Black marlinpel_other,Istiophoridae,Black marlinpel_other,Istiophoridae,Black marlinpel_other,Istiophoridae,Black marlinpel_other,Istiophoridae,Black marlinpel_other,Istiophoridae,Black marlinpel_other,Istiophoridae,Black marlinpel_other,Istiophoridae,Black marlinpel_other,Istiophoridae,Black marlinpel_other,Istiophoridae,Black marlinpel_other,Istiophoridae,Black marlinpel_other,Istiophoridae,Black marlinpel_other,Istiophoridae,Blue marlinpel_other,Istiophoridae,Blue marlinpel_other,Istiophoridae,Blue marlinpel_other,Istiophoridae,Blue marlinpel_other,Istiophoridae,Blue marlinpel_other,Istiophoridae,Blue marlinpel_other,Istiophoridae,Blue marlinpel_other,Istiophoridae,Blue marlinpel_other,Istiophoridae,Blue marlinpel_other,Istiophoridae,Blue marlinpel_other,Istiophoridae,Blue marlinpel_other,Istiophoridae,Blue marlinpel_other,Istiophoridae,Blue marlinpel_other,Istiophoridae,Blue marlinpel_other,Istiophoridae,Blue marlinpel_other,Istiophoridae,Blue marlinpel_other,Istiophoridae,Blue marlinpel_other,Istiophoridae,Blue marlinpel_other,Istiophoridae,Blue marlinpel_other,Istiophoridae,Blue marlintunas,Scombridae,Bluefintunas,Scombridae,Bluefintunas,Scombridae,Bluefintunas,Scombridae,Bluefintunas,Scombridae,Bluefintunas,Scombridae,Bluefintunas,Scombridae,Bluefintunas,Scombridae,Bluefintunas,Scombridae,Bluefintunas,Scombridae,Bluefintunas,Scombridae,Bluefintunas,Scombridae,Bluefintunas,Scombridae,Bluefintunas,Scombridae,Bluefintunas,Scombridae,Bluefintunas,Scombridae,Bluefincoastal_pelagics,Carangidae,Dobe uluacoastal_pelagics,Carangidae,Dobe uluacoastal_pelagics,Carangidae,Dobe uluacoastal_pelagics,Carangidae,Dobe uluacoastal_pelagics,Carangidae,Dobe uluacoastal_pelagics,Carangidae,Dobe uluacoastal_pelagics,Carangidae,Dobe uluacoastal_pelagics,Carangidae,Dobe uluacoastal_pelagics,Carangidae,Dobe uluacoastal_pelagics,Carangidae,Dobe uluacoastal_pelagics,Carangidae,Dobe uluacoastal_pelagics,Carangidae,Dobe uluacoastal_pelagics,Carangidae,Dobe uluacoastal_pelagics,Carangidae,Dobe uluacoastal_pelagics,Carangidae,Dobe uluacoastal_pelagics,Carangidae,Dobe uluareef,Labridae,Ea (wrasse)reef,Labridae,Ea (wrasse)reef,Labridae,Ea (wrasse)reef,Labridae,Ea (wrasse)reef,Labridae,Ea (wrasse)reef,Labridae,Ea (wrasse)reef,Labridae,Ea (wrasse)reef,Labridae,Ea (wrasse)reef,Labridae,Ea (wrasse)reef,Labridae,Ea (wrasse)reef,Labridae,Ea (wrasse)reef,Labridae,Ea (wrasse)coastal_pelagics,Emmelichthyidae,Golden kalicoastal_pelagics,Emmelichthyidae,Golden kalicoastal_pelagics,Emmelichthyidae,Golden kalicoastal_pelagics,Emmelichthyidae,Golden kalicoastal_pelagics,Emmelichthyidae,Golden kalicoastal_pelagics,Emmelichthyidae,Golden kalicoastal_pelagics,Emmelichthyidae,Golden kalicoastal_pelagics,Emmelichthyidae,Golden kalicoastal_pelagics,Emmelichthyidae,Golden kalicoastal_pelagics,Emmelichthyidae,Golden kalicoastal_pelagics,Emmelichthyidae,Golden kalicoastal_pelagics,Emmelichthyidae,Golden kalicoastal_pelagics,Emmelichthyidae,Golden kalicoastal_pelagics,Emmelichthyidae,Golden kalicoastal_pelagics,Emmelichthyidae,Golden kalicoastal_pelagics,Emmelichthyidae,Golden kalicoastal_pelagics,Emmelichthyidae,Golden kalicoastal_pelagics,Emmelichthyidae,Golden kalicoastal_pelagics,Emmelichthyidae,Golden kalicoastal_pelagics,Emmelichthyidae,Golden kalicoastal_pelagics,Emmelichthyidae,Golden kalicoastal_pelagics,Emmelichthyidae,Golden kalicoastal_pelagics,Emmelichthyidae,Golden kalicoastal_pelagics,Emmelichthyidae,Golden kalicoastal_pelagics,Emmelichthyidae,Golden kalicoastal_pelagics,Carangidae,Hahalalucoastal_pelagics,Carangidae,Hahalalucoastal_pelagics,Carangidae,Hahalalucoastal_pelagics,Carangidae,Hahalalucoastal_pelagics,Carangidae,Hahalalucoastal_pelagics,Carangidae,Hahalalucoastal_pelagics,Carangidae,Hahalalucoastal_pelagics,Carangidae,Hahalalucoastal_pelagics,Carangidae,Hahalalucoastal_pelagics,Carangidae,Hahalalucoastal_pelagics,Carangidae,Hahalalucoastal_pelagics,Carangidae,Hahalalucoastal_pelagics,Carangidae,Hahalalupel_other,Gempylidae,Hauliulireef,Labridae,Hinaleareef,Labridae,Hinaleareef,Labridae,Hinaleareef,Labridae,Hinaleareef,Labridae,Hinaleareef,Scorpaenidae,Hogoreef,Scorpaenidae,Hogoreef,Scorpaenidae,Hogoreef,Scorpaenidae,Hogoreef,Scorpaenidae,Hogoreef,Scorpaenidae,Hogoreef,Scorpaenidae,Hogoreef,Scorpaenidae,Hogoreef,Scorpaenidae,Hogoreef,Scorpaenidae,Hogoreef,Scorpaenidae,Hogoreef,Scorpaenidae,Hogoreef,Scorpaenidae,Hogoreef,Scorpaenidae,Hogoreef,Scorpaenidae,Hogoreef,Scorpaenidae,Hogoreef,Scorpaenidae,Hogoreef,Scorpaenidae,Hogoreef,Scorpaenidae,Hogoreef,Scorpaenidae,Hogoreef,Scorpaenidae,Hogoreef,Scorpaenidae,Hogoreef,Scorpaenidae,Hogoreef,Scorpaenidae,Hogoreef,Scorpaenidae,Hogoreef,Balistidae,Humuhumureef,Balistidae,Humuhumureef,Balistidae,Humuhumureef,Balistidae,Humuhumureef,Balistidae,Humuhumureef,Balistidae,Humuhumureef,Balistidae,Humuhumureef,Balistidae,Humuhumureef,Balistidae,Humuhumureef,Balistidae,Humuhumureef,Balistidae,Humuhumureef,Balistidae,Humuhumureef,Balistidae,Humuhumureef,Balistidae,Humuhumureef,Balistidae,Humuhumucoastal_pelagics,Hemiramphidae,Iheihecoastal_pelagics,Hemiramphidae,Iheihecoastal_pelagics,Carangidae,Kagami uluacoastal_pelagics,Carangidae,Kagami uluacoastal_pelagics,Carangidae,Kagami uluacoastal_pelagics,Carangidae,Kagami uluacoastal_pelagics,Carangidae,Kagami uluacoastal_pelagics,Carangidae,Kagami uluacoastal_pelagics,Carangidae,Kagami uluacoastal_pelagics,Carangidae,Kagami uluacoastal_pelagics,Carangidae,Kagami uluacoastal_pelagics,Carangidae,Kagami uluacoastal_pelagics,Carangidae,Kagami uluacoastal_pelagics,Sphyraenidae,Kakucoastal_pelagics,Sphyraenidae,Kakucoastal_pelagics,Sphyraenidae,Kakucoastal_pelagics,Sphyraenidae,Kakucoastal_pelagics,Sphyraenidae,Kakucoastal_pelagics,Sphyraenidae,Kakucoastal_pelagics,Sphyraenidae,Kakucoastal_pelagics,Sphyraenidae,Kakucoastal_pelagics,Sphyraenidae,Kakucoastal_pelagics,Sphyraenidae,Kakucoastal_pelagics,Sphyraenidae,Kakucoastal_pelagics,Sphyraenidae,Kakucoastal_pelagics,Sphyraenidae,Kakucoastal_pelagics,Sphyraenidae,Kakucoastal_pelagics,Sphyraenidae,Kakucoastal_pelagics,Sphyraenidae,Kakucoastal_pelagics,Sphyraenidae,Kakucoastal_pelagics,Sphyraenidae,Kakucoastal_pelagics,Sphyraenidae,Kakucoastal_pelagics,Sphyraenidae,Kakucoastal_pelagics,Sphyraenidae,Kakucoastal_pelagics,Sphyraenidae,Kakucoastal_pelagics,Sphyraenidae,Kakucoastal_pelagics,Sphyraenidae,Kakucoastal_pelagics,Sphyraenidae,Kakucoastal_pelagics,Sphyraenidae,Kakucoastal_pelagics,Sphyraenidae,Kakucoastal_pelagics,Sphyraenidae,Kakucoastal_pelagics,Sphyraenidae,Kakucoastal_pelagics,Sphyraenidae,Kakucoastal_pelagics,Sphyraenidae,Kakucoastal_pelagics,Sphyraenidae,Kakucoastal_pelagics,Sphyraenidae,Kakucoastal_pelagics,Sphyraenidae,Kakucoastal_pelagics,Sphyraenidae,Kakucoastal_pelagics,Sphyraenidae,Kakucoastal_pelagics,Sphyraenidae,Kakucoastal_pelagics,Sphyraenidae,Kakucoastal_pelagics,Sphyraenidae,Kakucoastal_pelagics,Sphyraenidae,Kakucoastal_pelagics,Sphyraenidae,Kakucoastal_pelagics,Sphyraenidae,Kakucoastal_pelagics,Sphyraenidae,Kakucoastal_pelagics,Sphyraenidae,Kakucoastal_pelagics,Sphyraenidae,Kakucoastal_pelagics,Sphyraenidae,Kakucoastal_pelagics,Sphyraenidae,Kakucoastal_pelagics,Sphyraenidae,Kakureef,Acanthuridae,Kalareef,Acanthuridae,Kalareef,Acanthuridae,Kalareef,Acanthuridae,Kalareef,Acanthuridae,Kalareef,Acanthuridae,Kalareef,Acanthuridae,Kalareef,Acanthuridae,Kalareef,Acanthuridae,Kalareef,Acanthuridae,Kalareef,Acanthuridae,Kalareef,Acanthuridae,Kalareef,Acanthuridae,Kalareef,Acanthuridae,Kalareef,Acanthuridae,Kalareef,Acanthuridae,Kalacoastal_pelagics,Carangidae,Kamanucoastal_pelagics,Carangidae,Kamanucoastal_pelagics,Carangidae,Kamanucoastal_pelagics,Carangidae,Kamanucoastal_pelagics,Carangidae,Kamanucoastal_pelagics,Carangidae,Kamanucoastal_pelagics,Carangidae,Kamanucoastal_pelagics,Carangidae,Kamanucoastal_pelagics,Carangidae,Kamanucoastal_pelagics,Carangidae,Kamanucoastal_pelagics,Carangidae,Kamanucoastal_pelagics,Carangidae,Kamanucoastal_pelagics,Carangidae,Kamanucoastal_pelagics,Carangidae,Kamanucoastal_pelagics,Carangidae,Kamanucoastal_pelagics,Carangidae,Kamanucoastal_pelagics,Carangidae,Kamanucoastal_pelagics,Carangidae,Kamanucoastal_pelagics,Carangidae,Kamanucoastal_pelagics,Carangidae,Kamanucoastal_pelagics,Carangidae,Kamanucoastal_pelagics,Carangidae,Kamanucoastal_pelagics,Carangidae,Kamanucoastal_pelagics,Carangidae,Kamanucoastal_pelagics,Carangidae,Kamanutunas,Scombridae,Kawakawatunas,Scombridae,Kawakawatunas,Scombridae,Kawakawatunas,Scombridae,Kawakawatunas,Scombridae,Kawakawatunas,Scombridae,Kawakawatunas,Scombridae,Kawakawatunas,Scombridae,Kawakawatunas,Scombridae,Kawakawatunas,Scombridae,Kawakawatunas,Scombridae,Kawakawatunas,Scombridae,Kawakawatunas,Scombridae,Kawakawatunas,Scombridae,Kawakawatunas,Scombridae,Kawakawatunas,Scombridae,Kawakawatunas,Scombridae,Kawakawatunas,Scombridae,Kawakawatunas,Scombridae,Kawakawatunas,Scombridae,Kawakawacoastal_pelagics,Sphyraenidae,Kaweleacoastal_pelagics,Sphyraenidae,Kaweleacoastal_pelagics,Sphyraenidae,Kaweleacoastal_pelagics,Sphyraenidae,Kaweleacoastal_pelagics,Sphyraenidae,Kaweleacoastal_pelagics,Sphyraenidae,Kaweleacoastal_pelagics,Sphyraenidae,Kaweleacoastal_pelagics,Sphyraenidae,Kaweleacoastal_pelagics,Sphyraenidae,Kaweleacoastal_pelagics,Sphyraenidae,Kaweleacoastal_pelagics,Sphyraenidae,Kaweleacoastal_pelagics,Sphyraenidae,Kaweleacoastal_pelagics,Sphyraenidae,Kaweleacoastal_pelagics,Sphyraenidae,Kaweleacoastal_pelagics,Sphyraenidae,Kaweleacoastal_pelagics,Sphyraenidae,Kaweleacoastal_pelagics,Sphyraenidae,Kaweleacoastal_pelagics,Sphyraenidae,Kaweleacoastal_pelagics,Sphyraenidae,Kaweleacoastal_pelagics,Sphyraenidae,Kaweleacoastal_pelagics,Sphyraenidae,Kaweleacoastal_pelagics,Sphyraenidae,Kaweleacoastal_pelagics,Sphyraenidae,Kaweleacoastal_pelagics,Sphyraenidae,Kaweleacoastal_pelagics,Sphyraenidae,Kaweleatunas,Scombridae,Keokeotunas,Scombridae,Keokeotunas,Scombridae,Keokeotunas,Scombridae,Keokeotunas,Scombridae,Keokeotunas,Scombridae,Keokeotunas,Scombridae,Keokeotunas,Scombridae,Keokeotunas,Scombridae,Keokeotunas,Scombridae,Keokeotunas,Scombridae,Keokeotunas,Scombridae,Keokeotunas,Scombridae,Keokeotunas,Scombridae,Keokeotunas,Scombridae,Keokeotunas,Scombridae,Keokeotunas,Scombridae,Keokeotunas,Scombridae,Keokeotunas,Scombridae,Keokeotunas,Scombridae,Keokeoreef,Acanthuridae,Kolereef,Acanthuridae,Kolereef,Acanthuridae,Kolereef,Acanthuridae,Kolereef,Acanthuridae,Kolereef,Acanthuridae,Kolereef,Acanthuridae,Kolereef,Acanthuridae,Kolereef,Acanthuridae,Kolereef,Acanthuridae,Kolereef,Acanthuridae,Kolereef,Acanthuridae,Kolereef,Acanthuridae,Kolereef,Acanthuridae,Kolereef,Acanthuridae,Kolereef,Mullidae,Kumureef,Mullidae,Kumureef,Mullidae,Kumureef,Mullidae,Kumureef,Mullidae,Kumureef,Mullidae,Kumureef,Mullidae,Kumureef,Mullidae,Kumureef,Mullidae,Kumureef,Mullidae,Kumureef,Mullidae,Kumureef,Mullidae,Kumureef,Mullidae,Kumureef,Mullidae,Kumureef,Mullidae,Kumureef,Mullidae,Kumureef,Mullidae,Kumureef,Mullidae,Kumureef,Mullidae,Kumureef,Mullidae,Kumureef,Pomacentridae,Kupipireef,Pomacentridae,Kupipireef,Pomacentridae,Kupipireef,Pomacentridae,Kupipireef,Labridae,Kupoupoureef,Labridae,Kupoupoureef,Labridae,Kupoupoureef,Labridae,Kupoupoucoastal_pelagics,Carangidae,Laecoastal_pelagics,Carangidae,Laecoastal_pelagics,Carangidae,Laecoastal_pelagics,Carangidae,Laecoastal_pelagics,Carangidae,Laecoastal_pelagics,Carangidae,Laecoastal_pelagics,Carangidae,Laecoastal_pelagics,Carangidae,Laecoastal_pelagics,Carangidae,Laecoastal_pelagics,Carangidae,Laecoastal_pelagics,Carangidae,Laecoastal_pelagics,Carangidae,Laereef,Labridae,Laenihireef,Labridae,Laenihireef,Labridae,Laenihireef,Labridae,Laenihireef,Labridae,Laenihireef,Labridae,Laenihireef,Labridae,Laenihireef,Labridae,Laenihireef,Labridae,Laenihireef,Labridae,Laenihireef,Labridae,Laenihireef,Labridae,Laenihireef,Labridae,Laenihireef,Labridae,Laenihireef,Labridae,Laenihireef,Labridae,Laenihireef,Labridae,Laenihireef,Labridae,Laenihireef,Labridae,Laenihireef,Labridae,Laenihipel_other,Coryphaenidae,Mahimahipel_other,Coryphaenidae,Mahimahipel_other,Coryphaenidae,Mahimahipel_other,Coryphaenidae,Mahimahipel_other,Coryphaenidae,Mahimahipel_other,Coryphaenidae,Mahimahipel_other,Coryphaenidae,Mahimahipel_other,Coryphaenidae,Mahimahipel_other,Coryphaenidae,Mahimahipel_other,Coryphaenidae,Mahimahipel_other,Coryphaenidae,Mahimahipel_other,Coryphaenidae,Mahimahipel_other,Coryphaenidae,Mahimahipel_other,Coryphaenidae,Mahimahipel_other,Coryphaenidae,Mahimahipel_other,Coryphaenidae,Mahimahipel_other,Coryphaenidae,Mahimahipel_other,Coryphaenidae,Mahimahipel_other,Coryphaenidae,Mahimahipel_other,Coryphaenidae,Mahimahireef,Acanthuridae,Maikoreef,Acanthuridae,Maikoreef,Acanthuridae,Maikoreef,Acanthuridae,Maikoreef,Acanthuridae,Maikoreef,Acanthuridae,Maikoreef,Acanthuridae,Maikoreef,Acanthuridae,Maikoreef,Acanthuridae,Maikoreef,Acanthuridae,Maikoreef,Mullidae,Malureef,Mullidae,Malureef,Mullidae,Malureef,Mullidae,Malureef,Mullidae,Malureef,Mullidae,Malureef,Mullidae,Malureef,Mullidae,Malureef,Acanthuridae,Maninireef,Acanthuridae,Maninireef,Acanthuridae,Maninireef,Acanthuridae,Maninireef,Acanthuridae,Maninireef,Acanthuridae,Maninireef,Acanthuridae,Maninireef,Acanthuridae,Maninireef,Acanthuridae,Maninireef,Acanthuridae,Maninireef,Acanthuridae,Maninireef,Acanthuridae,Maninireef,Acanthuridae,Maninireef,Acanthuridae,Maninireef,Acanthuridae,Maninireef,Acanthuridae,Maninireef,Pomacentridae,Maomaoreef,Pomacentridae,Maomaoreef,Pomacentridae,Maomaoreef,Pomacentridae,Maomaoreef,Pomacentridae,Maomaoreef,Pomacentridae,Maomaoreef,Pomacentridae,Maomaoreef,Pomacentridae,Maomaoreef,Pomacentridae,Maomaoreef,Pomacentridae,Maomaoreef,Holocentridae,Menpachireef,Holocentridae,Menpachireef,Holocentridae,Menpachireef,Holocentridae,Menpachireef,Holocentridae,Menpachireef,Holocentridae,Menpachireef,Holocentridae,Menpachireef,Holocentridae,Menpachireef,Holocentridae,Menpachireef,Holocentridae,Menpachireef,Holocentridae,Menpachireef,Holocentridae,Menpachireef,Holocentridae,Menpachireef,Holocentridae,Menpachireef,Holocentridae,Menpachireef,Holocentridae,Menpachireef,Holocentridae,Menpachireef,Holocentridae,Menpachireef,Holocentridae,Menpachireef,Holocentridae,Menpachireef,Holocentridae,Menpachireef,Holocentridae,Menpachireef,Holocentridae,Menpachireef,Holocentridae,Menpachireef,Holocentridae,Menpachireef,Mullidae,Moanareef,Mullidae,Moanareef,Mullidae,Moanareef,Mullidae,Moanareef,Mullidae,Moanareef,Mullidae,Moanareef,Mullidae,Moanareef,Mullidae,Moanareef,Mullidae,Moanareef,Mullidae,Moanareef,Mullidae,Moanareef,Mullidae,Moanareef,Mullidae,Moanareef,Mullidae,Moanareef,Mullidae,Moanareef,Mullidae,Moanareef,Mullidae,Moanareef,Mullidae,Moanareef,Mullidae,Moanareef,Mullidae,Moanareef,Mullidae,Moana kalereef,Mullidae,Moana kalereef,Mullidae,Moana kalereef,Mullidae,Moana kalereef,Mullidae,Moana kalereef,Mullidae,Moana kalereef,Mullidae,Moana kalereef,Mullidae,Moana kalereef,Mullidae,Moana kalereef,Mullidae,Moana kalereef,Mullidae,Moana kalereef,Mullidae,Moana kalereef,Mullidae,Moana kalereef,Mullidae,Moana kalereef,Mullidae,Moana kalereef,Mullidae,Moana kalereef,Mullidae,Moana kalereef,Mullidae,Moana kalereef,Mullidae,Moana kalereef,Mullidae,Moana kalereef,Polynemidae,Moireef,Polynemidae,Moireef,Polynemidae,Moireef,Polynemidae,Moireef,Polynemidae,Moireef,Polynemidae,Moireef,Polynemidae,Moireef,Polynemidae,Moireef,Polynemidae,Moireef,Polynemidae,Moireef,Polynemidae,Moipel_other,Bramidae,Monchongpel_other,Bramidae,Monchongpel_other,Bramidae,Monchongpel_other,Bramidae,Monchongpel_other,Bramidae,Monchongpel_other,Bramidae,Monchongpel_other,Bramidae,Monchongpel_other,Bramidae,Monchongpel_other,Bramidae,Monchongpel_other,Bramidae,Monchongpel_other,Bramidae,Monchongpel_other,Bramidae,Monchongpel_other,Bramidae,Monchongpel_other,Bramidae,Monchongpel_other,Bramidae,Monchongpel_other,Bramidae,Monchongpel_other,Bramidae,Monchongpel_other,Bramidae,Monchongpel_other,Bramidae,Monchongpel_other,Bramidae,Monchongreef,Lethrinidae,Mureef,Lethrinidae,Mureef,Lethrinidae,Mureef,Lethrinidae,Mureef,Lethrinidae,Mureef,Lethrinidae,Mureef,Lethrinidae,Mureef,Lethrinidae,Mureef,Lethrinidae,Mureef,Lethrinidae,Mureef,Lethrinidae,Mureef,Lethrinidae,Mureef,Lethrinidae,Mureef,Lethrinidae,Mureef,Lethrinidae,Mureef,Lethrinidae,Mureef,Lethrinidae,Mureef,Lethrinidae,Mureef,Mullidae,Munureef,Mullidae,Munureef,Mullidae,Munureef,Mullidae,Munureef,Mullidae,Munureef,Mullidae,Munureef,Mullidae,Munureef,Mullidae,Munureef,Mullidae,Munureef,Mullidae,Munureef,Mullidae,Munureef,Mullidae,Munureef,Mullidae,Munureef,Mullidae,Munureef,Acanthuridae,Naenaereef,Acanthuridae,Naenaereef,Acanthuridae,Naenaereef,Acanthuridae,Naenaereef,Acanthuridae,Naenaereef,Acanthuridae,Naenaereef,Acanthuridae,Naenaereef,Acanthuridae,Naenaereef,Kyphosidae,Nenuereef,Kyphosidae,Nenuereef,Kyphosidae,Nenuereef,Kyphosidae,Nenuereef,Kyphosidae,Nenuereef,Kyphosidae,Nenuereef,Kyphosidae,Nenuereef,Kyphosidae,Nenuereef,Kyphosidae,Nenuereef,Kyphosidae,Nenuereef,Kyphosidae,Nenuereef,Kyphosidae,Nenuereef,Kyphosidae,Nenuereef,Kyphosidae,Nenuereef,Kyphosidae,Nenuereef,Kyphosidae,Nenuereef,Kyphosidae,Nenuereef,Kyphosidae,Nenuereef,Kyphosidae,Nenuereef,Scorpaenidae,Nohureef,Scorpaenidae,Nohureef,Scorpaenidae,Nohureef,Scorpaenidae,Nohureef,Scorpaenidae,Nohureef,Scorpaenidae,Nohureef,Scorpaenidae,Nohureef,Scorpaenidae,Nohureef,Scorpaenidae,Nohureef,Scorpaenidae,Nohureef,Scorpaenidae,Nohureef,Scorpaenidae,Nohureef,Scorpaenidae,Nohureef,Scorpaenidae,Nohureef,Scorpaenidae,Nohureef,Aulostamidae,Nunureef,Aulostamidae,Nunureef,Aulostamidae,Nunureef,Aulostamidae,Nunureef,Aulostamidae,Nunureef,Aulostamidae,Nunureef,Aulostamidae,Nunureef,Aulostamidae,Nunureef,Albulidae,Oioreef,Albulidae,Oioreef,Albulidae,Oioreef,Albulidae,Oioreef,Albulidae,Oioreef,Albulidae,Oioreef,Albulidae,Oioreef,Albulidae,Oioreef,Albulidae,Oioreef,Albulidae,Oioreef,Albulidae,Oioreef,Albulidae,Oioreef,Albulidae,Oioreef,Albulidae,Oioreef,Albulidae,Oioreef,Monacanthidae,Olililepareef,Monacanthidae,Olililepareef,Monacanthidae,Olililepareef,Monacanthidae,Olililepareef,Monacanthidae,Olililepareef,Monacanthidae,Olililepareef,Monacanthidae,Olililepacoastal_pelagics,Carangidae,Omakacoastal_pelagics,Carangidae,Omilucoastal_pelagics,Carangidae,Omilucoastal_pelagics,Carangidae,Omilucoastal_pelagics,Carangidae,Omilucoastal_pelagics,Carangidae,Omilucoastal_pelagics,Carangidae,Omilucoastal_pelagics,Carangidae,Omilucoastal_pelagics,Carangidae,Omilucoastal_pelagics,Carangidae,Omilucoastal_pelagics,Carangidae,Omilucoastal_pelagics,Carangidae,Omilucoastal_pelagics,Carangidae,Omilucoastal_pelagics,Carangidae,Omilucoastal_pelagics,Carangidae,Omilucoastal_pelagics,Carangidae,Omilucoastal_pelagics,Carangidae,Omilucoastal_pelagics,Carangidae,Omilucoastal_pelagics,Carangidae,Omilucoastal_pelagics,Carangidae,Omilucoastal_pelagics,Carangidae,Omilucoastal_pelagics,Carangidae,Omilucoastal_pelagics,Carangidae,Omilucoastal_pelagics,Carangidae,Omilucoastal_pelagics,Carangidae,Omilucoastal_pelagics,Carangidae,Omilupel_other,Scombridae,Onopel_other,Scombridae,Onopel_other,Scombridae,Onopel_other,Scombridae,Onopel_other,Scombridae,Onopel_other,Scombridae,Onopel_other,Scombridae,Onopel_other,Scombridae,Onopel_other,Scombridae,Onopel_other,Scombridae,Onopel_other,Scombridae,Onopel_other,Scombridae,Onopel_other,Scombridae,Onopel_other,Scombridae,Onopel_other,Scombridae,Onopel_other,Scombridae,Onopel_other,Scombridae,Onopel_other,Scombridae,Onopel_other,Scombridae,Onopel_other,Scombridae,Onoreef,Diodontidae,Oopuhuepel_other,Lampridae,Opahpel_other,Lampridae,Opahpel_other,Lampridae,Opahpel_other,Lampridae,Opahpel_other,Lampridae,Opahpel_other,Lampridae,Opahpel_other,Lampridae,Opahpel_other,Lampridae,Opahpel_other,Lampridae,Opahpel_other,Lampridae,Opahpel_other,Lampridae,Opahpel_other,Lampridae,Opahpel_other,Lampridae,Opahpel_other,Lampridae,Opahpel_other,Lampridae,Opahpel_other,Lampridae,Opahpel_other,Lampridae,Opahpel_other,Lampridae,Opahpel_other,Lampridae,Opahpel_other,Lampridae,Opahcoastal_pelagics,Scombridae,Opelucoastal_pelagics,Scombridae,Opelucoastal_pelagics,Scombridae,Opelucoastal_pelagics,Scombridae,Opelucoastal_pelagics,Scombridae,Opelucoastal_pelagics,Scombridae,Opelucoastal_pelagics,Scombridae,Opelucoastal_pelagics,Scombridae,Opelucoastal_pelagics,Scombridae,Opelucoastal_pelagics,Scombridae,Opelucoastal_pelagics,Scombridae,Opelucoastal_pelagics,Scombridae,Opelucoastal_pelagics,Scombridae,Opelucoastal_pelagics,Scombridae,Opelucoastal_pelagics,Scombridae,Opelucoastal_pelagics,Scombridae,Opelucoastal_pelagics,Scombridae,Opelucoastal_pelagics,Scombridae,Opelucoastal_pelagics,Scombridae,Opelucoastal_pelagics,Scombridae,Opelucoastal_pelagics,Carangidae,Opelucoastal_pelagics,Carangidae,Opelucoastal_pelagics,Carangidae,Opelucoastal_pelagics,Carangidae,Opelucoastal_pelagics,Carangidae,Opelucoastal_pelagics,Carangidae,Opelucoastal_pelagics,Carangidae,Opelucoastal_pelagics,Carangidae,Opelucoastal_pelagics,Carangidae,Opelucoastal_pelagics,Carangidae,Opelucoastal_pelagics,Carangidae,Opelucoastal_pelagics,Carangidae,Opelucoastal_pelagics,Carangidae,Opelucoastal_pelagics,Carangidae,Opelucoastal_pelagics,Carangidae,Opelucoastal_pelagics,Carangidae,Opelucoastal_pelagics,Carangidae,Opelucoastal_pelagics,Carangidae,Opelucoastal_pelagics,Carangidae,Opelucoastal_pelagics,Carangidae,Opelucoastal_pelagics,Carangidae,Opelucoastal_pelagics,Carangidae,Opelucoastal_pelagics,Carangidae,Opelureef,Acanthuridae,Opelu kalareef,Acanthuridae,Opelu kalareef,Acanthuridae,Opelu kalareef,Acanthuridae,Opelu kalareef,Acanthuridae,Opelu kalareef,Acanthuridae,Opelu kalareef,Acanthuridae,Opelu kalareef,Acanthuridae,Opelu kalareef,Acanthuridae,Opelu kalareef,Acanthuridae,Opelu kalareef,Acanthuridae,Opelu kalareef,Acanthuridae,Opelu kalareef,Acanthuridae,Opelu kalareef,Acanthuridae,Opelu kalareef,Acanthuridae,Opelu kalareef,Carangidae,Opelu mamareef,Carangidae,Opelu mamareef,Bothidae,Pakiireef,Bothidae,Pakiireef,Bothidae,Pakiireef,Acanthuridae,Pakuikui (tang)reef,Acanthuridae,Pakuikui (tang)reef,Acanthuridae,Pakuikui (tang)reef,Acanthuridae,Pakuikui (tang)reef,Acanthuridae,Pakuikui (tang)reef,Acanthuridae,Pakuikui (tang)reef,Acanthuridae,Palanireef,Acanthuridae,Palanireef,Acanthuridae,Palanireef,Acanthuridae,Palanireef,Acanthuridae,Palanireef,Acanthuridae,Palanireef,Acanthuridae,Palanireef,Acanthuridae,Palanireef,Acanthuridae,Palanireef,Acanthuridae,Palanireef,Acanthuridae,Palanireef,Acanthuridae,Palanireef,Acanthuridae,Palanireef,Acanthuridae,Palanireef,Acanthuridae,Palanireef,Acanthuridae,Palanireef,Acanthuridae,Palanireef,Scaridae,Panuhunuhureef,Scaridae,Panuhunuhureef,Scaridae,Panuhunuhureef,Scaridae,Panuhunuhureef,Scaridae,Panuhunuhureef,Scaridae,Panuhunuhureef,Scaridae,Panuhunuhureef,Scaridae,Panuhunuhureef,Scaridae,Panunureef,Scaridae,Panunureef,Scaridae,Panunureef,Scaridae,Panunureef,Scaridae,Panunureef,Scaridae,Panunucoastal_pelagics,Carangidae,Paopao uluacoastal_pelagics,Carangidae,Paopao uluacoastal_pelagics,Carangidae,Paopao uluacoastal_pelagics,Carangidae,Paopao uluacoastal_pelagics,Carangidae,Papa uluacoastal_pelagics,Carangidae,Papa uluacoastal_pelagics,Carangidae,Papa uluacoastal_pelagics,Carangidae,Papa uluacoastal_pelagics,Carangidae,Papa uluacoastal_pelagics,Carangidae,Papa uluacoastal_pelagics,Carangidae,Papa uluacoastal_pelagics,Carangidae,Papa uluacoastal_pelagics,Carangidae,Papa uluacoastal_pelagics,Carangidae,Papa uluacoastal_pelagics,Carangidae,Papa uluacoastal_pelagics,Carangidae,Papa uluacoastal_pelagics,Carangidae,Papa uluacoastal_pelagics,Carangidae,Papa uluacoastal_pelagics,Carangidae,Papa uluacoastal_pelagics,Carangidae,Papa uluacoastal_pelagics,Carangidae,Papa uluacoastal_pelagics,Carangidae,Papa uluacoastal_pelagics,Carangidae,Papa uluacoastal_pelagics,Carangidae,Papa uluacoastal_pelagics,Carangidae,Papa uluacoastal_pelagics,Carangidae,Papa uluacoastal_pelagics,Carangidae,Papa uluacoastal_pelagics,Carangidae,Papa uluacoastal_pelagics,Carangidae,Papa uluareef,Cirrhitidae,Poopaareef,Cirrhitidae,Poopaareef,Cirrhitidae,Poopaareef,Cirrhitidae,Poopaareef,Cirrhitidae,Poopaareef,Cirrhitidae,Poopaareef,Cirrhitidae,Poopaareef,Cirrhitidae,Poopaareef,Cirrhitidae,Poopaareef,Cirrhitidae,Poopaareef,Cirrhitidae,Poopaareef,Cirrhitidae,Poopaareef,Cirrhitidae,Poopaareef,Cirrhitidae,Poopaareef,Cirrhitidae,Poopaareef,Labridae,Pooureef,Labridae,Pooureef,Acanthuridae,Pualureef,Acanthuridae,Pualureef,Acanthuridae,Pualureef,Acanthuridae,Pualureef,Acanthuridae,Pualureef,Acanthuridae,Pualureef,Acanthuridae,Pualureef,Acanthuridae,Pualureef,Acanthuridae,Pualureef,Acanthuridae,Pualureef,Acanthuridae,Pualureef,Acanthuridae,Pualureef,Acanthuridae,Pualureef,Acanthuridae,Pualureef,Acanthuridae,Pualureef,Muraenidae,Puhi blackreef,Muraenidae,Puhi blackreef,Muraenidae,Puhi blackreef,Muraenidae,Puhi blackreef,Muraenidae,Puhi blackreef,Muraenidae,Puhi eel-misc.reef,Muraenidae,Puhi eel-misc.reef,Muraenidae,Puhi eel-misc.reef,Muraenidae,Puhi eel-misc.reef,Muraenidae,Puhi eel-misc.reef,Muraenidae,Puhi eel-misc.reef,Congridae,Puhi whitereef,Congridae,Puhi whitereef,Congridae,Puhi whitereef,Congridae,Puhi whitereef,Lutjanidae,Randall's snapperreef,Lutjanidae,Randall's snapperreef,Serranidae,Roireef,Serranidae,Roireef,Serranidae,Roireef,Serranidae,Roireef,Serranidae,Roireef,Serranidae,Roireef,Serranidae,Roireef,Serranidae,Roireef,Serranidae,Roireef,Serranidae,Roireef,Serranidae,Roipel_other,Istiophoridae,Sailfishpel_other,Istiophoridae,Sailfishpel_other,Istiophoridae,Sailfishpel_other,Istiophoridae,Sailfishpel_other,Istiophoridae,Sailfishpel_other,Istiophoridae,Sailfishpel_other,Istiophoridae,Sailfishpel_other,Istiophoridae,Sailfishpel_other,Istiophoridae,Sailfishpel_other,Istiophoridae,Sailfishpel_other,Istiophoridae,Sailfishpel_other,Istiophoridae,Sailfishpel_other,Istiophoridae,Sailfishpel_other,Istiophoridae,Sailfishpel_other,Istiophoridae,Sailfishpel_other,Istiophoridae,Sailfishpel_other,Istiophoridae,Sailfishpel_other,Istiophoridae,Sailfishpel_other,Istiophoridae,Sailfishpel_other,Istiophoridae,Sailfishcoastal_pelagics,Carangidae,Sasa uluacoastal_pelagics,Carangidae,Sasa uluacoastal_pelagics,Carangidae,Sasa uluacoastal_pelagics,Carangidae,Sasa uluacoastal_pelagics,Carangidae,Sasa uluacoastal_pelagics,Carangidae,Sasa uluacoastal_pelagics,Carangidae,Sasa uluacoastal_pelagics,Carangidae,Sasa uluacoastal_pelagics,Carangidae,Sasa uluacoastal_pelagics,Carangidae,Sasa uluacoastal_pelagics,Carangidae,Sasa uluacoastal_pelagics,Carangidae,Sasa uluapel_other,Carcharhinidae,Shark-misc.pel_other,Carcharhinidae,Shark-misc.pel_other,Carcharhinidae,Shark-misc.pel_other,Carcharhinidae,Shark-misc.pel_other,Carcharhinidae,Shark-misc.pel_other,Carcharhinidae,Shark-misc.pel_other,Carcharhinidae,Shark-misc.pel_other,Carcharhinidae,Shark-misc.pel_other,Carcharhinidae,Shark-misc.pel_other,Carcharhinidae,Shark-misc.pel_other,Carcharhinidae,Shark-misc.pel_other,Carcharhinidae,Shark-misc.pel_other,Carcharhinidae,Shark-misc.pel_other,Carcharhinidae,Shark-misc.pel_other,Carcharhinidae,Shark-misc.pel_other,Carcharhinidae,Shark-misc.pel_other,Carcharhinidae,Shark-misc.pel_other,Carcharhinidae,Shark-misc.pel_other,Carcharhinidae,Shark-misc.pel_other,Carcharhinidae,Shark-misc.pel_other,Carcharhinidae,Shark-misc.pel_other,Carcharhinidae,Shark-misc.pel_other,Carcharhinidae,Shark-misc.pel_other,Carcharhinidae,Shark-misc.pel_other,Istiophoridae,Shortbill spearfishpel_other,Istiophoridae,Shortbill spearfishpel_other,Istiophoridae,Shortbill spearfishpel_other,Istiophoridae,Shortbill spearfishpel_other,Istiophoridae,Shortbill spearfishpel_other,Istiophoridae,Shortbill spearfishpel_other,Istiophoridae,Shortbill spearfishpel_other,Istiophoridae,Shortbill spearfishpel_other,Istiophoridae,Shortbill spearfishpel_other,Istiophoridae,Shortbill spearfishpel_other,Istiophoridae,Shortbill spearfishpel_other,Istiophoridae,Shortbill spearfishpel_other,Istiophoridae,Shortbill spearfishpel_other,Istiophoridae,Shortbill spearfishpel_other,Istiophoridae,Shortbill spearfishpel_other,Istiophoridae,Shortbill spearfishpel_other,Istiophoridae,Shortbill spearfishpel_other,Istiophoridae,Shortbill spearfishpel_other,Istiophoridae,Shortbill spearfishpel_other,Istiophoridae,Shortbill spearfishpel_other,Istiophoridae,Striped marlnpel_other,Istiophoridae,Striped marlnpel_other,Istiophoridae,Striped marlnpel_other,Istiophoridae,Striped marlnpel_other,Istiophoridae,Striped marlnpel_other,Istiophoridae,Striped marlnpel_other,Istiophoridae,Striped marlnpel_other,Istiophoridae,Striped marlnpel_other,Istiophoridae,Striped marlnpel_other,Istiophoridae,Striped marlnpel_other,Istiophoridae,Striped marlnpel_other,Istiophoridae,Striped marlnpel_other,Istiophoridae,Striped marlnpel_other,Istiophoridae,Striped marlnpel_other,Istiophoridae,Striped marlnpel_other,Istiophoridae,Striped marlnpel_other,Istiophoridae,Striped marlnpel_other,Istiophoridae,Striped marlnpel_other,Istiophoridae,Striped marlnpel_other,Istiophoridae,Striped marlnreef,Mugilidae,Summer mulletpel_other,Xiphiidae,Swordfishpel_other,Xiphiidae,Swordfishpel_other,Xiphiidae,Swordfishpel_other,Xiphiidae,Swordfishpel_other,Xiphiidae,Swordfishpel_other,Xiphiidae,Swordfishpel_other,Xiphiidae,Swordfishpel_other,Xiphiidae,Swordfishpel_other,Xiphiidae,Swordfishpel_other,Xiphiidae,Swordfishpel_other,Xiphiidae,Swordfishpel_other,Xiphiidae,Swordfishpel_other,Xiphiidae,Swordfishpel_other,Xiphiidae,Swordfishpel_other,Xiphiidae,Swordfishpel_other,Xiphiidae,Swordfishpel_other,Xiphiidae,Swordfishpel_other,Xiphiidae,Swordfishpel_other,Xiphiidae,Swordfishpel_other,Xiphiidae,Swordfishreef,Cichlidae,Tilapiareef,Lutjanidae,Toaureef,Lutjanidae,Toaureef,Lutjanidae,Toaureef,Lutjanidae,Toaureef,Lutjanidae,Toaureef,Lutjanidae,Toaureef,Lutjanidae,Toaureef,Lutjanidae,Toaureef,Lutjanidae,Toaureef,Lutjanidae,Toaureef,Lutjanidae,Toaureef,Lutjanidae,Toaureef,Lutjanidae,Toaureef,Lutjanidae,Toaureef,Lutjanidae,Toaureef,Lutjanidae,Toaureef,Lutjanidae,Toaureef,Lutjanidae,Toaureef,Lutjanidae,Toaureef,Lutjanidae,Toautunas,Scombridae,Tombotunas,Scombridae,Tombotunas,Scombridae,Tombotunas,Scombridae,Tombotunas,Scombridae,Tombotunas,Scombridae,Tombotunas,Scombridae,Tombotunas,Scombridae,Tombotunas,Scombridae,Tombotunas,Scombridae,Tombotunas,Scombridae,Tombotunas,Scombridae,Tombotunas,Scombridae,Tombotunas,Scombridae,Tombotunas,Scombridae,Tombotunas,Scombridae,Tombotunas,Scombridae,Tombotunas,Scombridae,Tombotunas,Scombridae,Tombotunas,Scombridae,Tomboreef,Scaridae,Uhu parrot-misc.reef,Scaridae,Uhu parrot-misc.reef,Scaridae,Uhu parrot-misc.reef,Scaridae,Uhu parrot-misc.reef,Scaridae,Uhu parrot-misc.reef,Scaridae,Uhu parrot-misc.reef,Scaridae,Uhu parrot-misc.reef,Scaridae,Uhu parrot-misc.reef,Scaridae,Uhu parrot-misc.reef,Scaridae,Uhu parrot-misc.reef,Scaridae,Uhu parrot-misc.reef,Scaridae,Uhu parrot-misc.reef,Scaridae,Uhu parrot-misc.reef,Scaridae,Uhu parrot-misc.reef,Scaridae,Uhu parrot-misc.reef,Scaridae,Uhu parrot-misc.reef,Scaridae,Uhu parrot-misc.reef,Scaridae,Uhu parrot-misc.reef,Scaridae,Uhu parrot-misc.coastal_pelagics,Carangidae,Ulua-misc.coastal_pelagics,Carangidae,Ulua-misc.coastal_pelagics,Carangidae,Ulua-misc.coastal_pelagics,Carangidae,Ulua-misc.coastal_pelagics,Carangidae,Ulua-misc.coastal_pelagics,Carangidae,Ulua-misc.coastal_pelagics,Carangidae,Ulua-misc.coastal_pelagics,Carangidae,Ulua-misc.coastal_pelagics,Carangidae,Ulua-misc.coastal_pelagics,Carangidae,Ulua-misc.coastal_pelagics,Carangidae,Ulua-misc.coastal_pelagics,Carangidae,Ulua-misc.reef,Acanthuridae,Umaumaleireef,Acanthuridae,Umaumaleireef,Acanthuridae,Umaumaleireef,Acanthuridae,Umaumaleireef,Acanthuridae,Umaumaleireef,Acanthuridae,Umaumaleireef,Acanthuridae,Umaumaleireef,Acanthuridae,Umaumaleireef,Acanthuridae,Umaumaleireef,Acanthuridae,Umaumaleireef,Acanthuridae,Umaumaleireef,Acanthuridae,Umaumaleitunas,Scombridae,Unclassifiedtunas,Scombridae,Unclassifiedtunas,Scombridae,Unclassifiedtunas,Scombridae,Unclassifiedtunas,Scombridae,Unclassifiedpel_other,,Unclassifiedpel_other,,Unclassifiedpel_other,,Unclassifiedpel_other,,Unclassifiedtunas,Scombridae,Unclassifiedtunas,Scombridae,Unclassifiedtunas,Scombridae,Unclassifiedtunas,Scombridae,Unclassifiedtunas,Scombridae,Unclassifiedpel_other,,Unclassifiedpel_other,,Unclassifiedpel_other,,Unclassifiedpel_other,,Unclassifiedtunas,Scombridae,Unclassifiedtunas,Scombridae,Unclassifiedtunas,Scombridae,Unclassifiedtunas,Scombridae,Unclassifiedtunas,Scombridae,Unclassifiedpel_other,,Unclassifiedpel_other,,Unclassifiedpel_other,,Unclassifiedpel_other,,Unclassifiedtunas,Scombridae,Unclassifiedtunas,Scombridae,Unclassifiedtunas,Scombridae,Unclassifiedtunas,Scombridae,Unclassifiedtunas,Scombridae,Unclassifiedpel_other,,Unclassifiedpel_other,,Unclassifiedpel_other,,Unclassifiedpel_other,,Unclassifiedreef,Mugilidae,Uouoareef,Mugilidae,Uouoareef,Mugilidae,Uouoareef,Mugilidae,Uouoareef,Mugilidae,Uouoareef,Mugilidae,Uouoareef,Lutjanidae,Wahanuireef,Lutjanidae,Wahanuireef,Lutjanidae,Wahanuireef,Lutjanidae,Wahanuireef,Lutjanidae,Wahanuireef,Lutjanidae,Wahanuireef,Lutjanidae,Wahanuipel_other,Exocoetidae,Walupel_other,Exocoetidae,Walupel_other,Exocoetidae,Walupel_other,Exocoetidae,Walupel_other,Exocoetidae,Walupel_other,Exocoetidae,Walupel_other,Exocoetidae,Walupel_other,Exocoetidae,Walupel_other,Exocoetidae,Walupel_other,Exocoetidae,Walupel_other,Exocoetidae,Walupel_other,Exocoetidae,Walupel_other,Exocoetidae,Walupel_other,Exocoetidae,Walupel_other,Exocoetidae,Walupel_other,Exocoetidae,Walupel_other,Exocoetidae,Walupel_other,Exocoetidae,Walupel_other,Exocoetidae,Walupel_other,Exocoetidae,Walureef,Mullidae,Wekereef,Mullidae,Weke a'areef,Mullidae,Weke a'areef,Mullidae,Weke a'areef,Mullidae,Weke a'areef,Mullidae,Weke a'areef,Mullidae,Weke a'areef,Mullidae,Weke a'areef,Mullidae,Weke a'areef,Mullidae,Weke a'areef,Mullidae,Weke a'areef,Mullidae,Weke a'areef,Mullidae,Weke a'areef,Mullidae,Weke a'areef,Mullidae,Weke a'areef,Mullidae,Weke a'areef,Mullidae,Weke nonoreef,Mullidae,Weke nonoreef,Mullidae,Weke nonoreef,Mullidae,Weke nonoreef,Mullidae,Weke nonoreef,Mullidae,Weke nonoreef,Mullidae,Weke nonoreef,Mullidae,Weke nonoreef,Mullidae,Weke nonoreef,Mullidae,Weke nonoreef,Mullidae,Weke nonoreef,Mullidae,Weke nonoreef,Mullidae,Weke nonoreef,Mullidae,Weke nonoreef,Mullidae,Weke nonoreef,Mullidae,Weke nonoreef,Mullidae,Weke nonoreef,Mullidae,Weke nonoreef,Mullidae,Weke nonoreef,Mullidae,Weke nonoreef,Mullidae,Weke nonoreef,Mullidae,Weke nonoreef,Mullidae,Weke nonoreef,Mullidae,Weke nonoreef,Mullidae,Weke nonoreef,Mullidae,Weke pueoreef,Mullidae,Weke pueoreef,Mullidae,Weke pueoreef,Mullidae,Weke ulareef,Mullidae,Weke ulareef,Mullidae,Weke ulareef,Mullidae,Weke ulareef,Mullidae,Weke ulareef,Mullidae,Weke ulareef,Mullidae,Weke ulareef,Mullidae,Weke ulareef,Mullidae,Weke ulareef,Mullidae,Weke ulareef,Mullidae,Weke ulareef,Mullidae,Weke ulareef,Mullidae,Weke ulareef,Mullidae,Weke ulareef,Mullidae,Weke ulareef,Mullidae,Weke ulareef,Mullidae,Weke ulareef,Mullidae,Weke ulareef,Mullidae,Weke ulareef,Mullidae,Weke ulareef,Mullidae,Weke ulatunas,Scombridae,Yellowfin tunatunas,Scombridae,Yellowfin tunatunas,Scombridae,Yellowfin tunatunas,Scombridae,Yellowfin tunatunas,Scombridae,Yellowfin tunatunas,Scombridae,Yellowfin tunatunas,Scombridae,Yellowfin tunatunas,Scombridae,Yellowfin tunatunas,Scombridae,Yellowfin tunatunas,Scombridae,Yellowfin tunatunas,Scombridae,Yellowfin tunatunas,Scombridae,Yellowfin tunatunas,Scombridae,Yellowfin tunatunas,Scombridae,Yellowfin tunatunas,Scombridae,Yellowfin tunatunas,Scombridae,Yellowfin tunatunas,Scombridae,Yellowfin tunatunas,Scombridae,Yellowfin tunatunas,Scombridae,Yellowfin tunatunas,Scombridae,Yellowfin tuna